ticker,name,sector,close,setup_type,n_factors,weighted,rev_score,mom_score,tech,macro,funda,hits
5575.T,Ｇｌｏｂｅｅ,情報・通信業,1175.0,momentum,11,10.3,4.3,10.3,7,0,4,high_volatility;volume_surge;small_cap;revenue_growth;earnings_growth;not_overvalued;uptrend_200;trend_aligned;near_highs;positive_rs;momentum_up
5885.T,ジーデップ・アドバンス,卸売業,3380.0,momentum,11,10.1,4.1,10.1,7,0,4,high_volatility;vol_expansion;small_cap;revenue_growth;earnings_growth;not_overvalued;uptrend_200;trend_aligned;near_highs;positive_rs;momentum_up
6862.T,ミナトホールディングス,電気機器,4110.0,momentum,11,10.1,4.1,10.1,7,0,4,high_volatility;vol_expansion;small_cap;revenue_growth;earnings_growth;not_overvalued;uptrend_200;trend_aligned;near_highs;positive_rs;momentum_up
3374.T,内外テック,卸売業,4030.0,momentum,11,10.1,4.1,10.1,7,0,4,high_volatility;vol_expansion;small_cap;revenue_growth;earnings_growth;not_overvalued;uptrend_200;trend_aligned;near_highs;positive_rs;momentum_up
6138.T,ダイジェット工業,機械,2039.0,momentum,11,10.1,4.1,10.1,7,0,4,high_volatility;vol_expansion;small_cap;revenue_growth;earnings_growth;not_overvalued;uptrend_200;trend_aligned;near_highs;positive_rs;momentum_up
5027.T,ＡｎｙＭｉｎｄ　Ｇｒｏｕｐ,情報・通信業,748.0,momentum,11,10.1,4.1,10.1,7,0,4,high_volatility;vol_expansion;small_cap;revenue_growth;earnings_growth;not_overvalued;uptrend_200;trend_aligned;near_highs;positive_rs;momentum_up
3131.T,シンデン・ハイテックス,卸売業,6630.0,momentum,11,10.1,4.1,10.1,7,0,4,high_volatility;vol_expansion;small_cap;revenue_growth;earnings_growth;not_overvalued;uptrend_200;trend_aligned;near_highs;positive_rs;momentum_up
5038.T,ｅＷｅＬＬ,情報・通信業,2108.0,reversal,11,9.4,9.4,5.1,7,0,4,high_volatility;volume_surge;vol_expansion;small_cap;revenue_growth;earnings_growth;not_overvalued;off_highs;below_sma25;recent_dip;deep_drawdown
8158.T,ソーダニッカ,卸売業,1404.0,momentum,11,9.1,3.1,9.1,7,0,4,volume_surge;vol_expansion;small_cap;revenue_growth;earnings_growth;not_overvalued;uptrend_200;trend_aligned;near_highs;positive_rs;momentum_up
4420.T,イーソル,情報・通信業,831.0,momentum,10,9.6,4.8,9.6,7,0,3,high_volatility;volume_surge;vol_expansion;small_cap;earnings_growth;not_overvalued;uptrend_200;near_highs;positive_rs;momentum_up
9552.T,クオンツ総研ホールディングス,サービス業,1198.0,momentum,10,9.6,3.6,9.6,7,0,3,high_volatility;vol_expansion;revenue_growth;earnings_growth;not_overvalued;uptrend_200;trend_aligned;near_highs;positive_rs;momentum_up
8050.T,セイコーグループ,精密機器,10140.0,momentum,10,9.6,4.6,9.6,7,0,3,high_volatility;vol_expansion;revenue_growth;earnings_growth;not_overvalued;uptrend_200;trend_aligned;near_highs;positive_rs;momentum_up
6258.T,平田機工,機械,3455.0,momentum,10,9.6,3.6,9.6,7,0,3,high_volatility;vol_expansion;revenue_growth;earnings_growth;not_overvalued;uptrend_200;trend_aligned;near_highs;positive_rs;momentum_up
8338.T,筑波銀行,銀行業,769.0,momentum,10,9.6,3.6,9.6,7,0,3,high_volatility;vol_expansion;revenue_growth;earnings_growth;not_overvalued;uptrend_200;trend_aligned;near_highs;positive_rs;momentum_up
6098.T,リクルートホールディングス,サービス業,16235.0,momentum,10,9.6,3.6,9.6,7,0,3,high_volatility;vol_expansion;revenue_growth;earnings_growth;not_overvalued;uptrend_200;trend_aligned;near_highs;positive_rs;momentum_up
319A.T,技術承継機構,金属製品,20800.0,momentum,10,9.6,3.6,9.6,7,0,3,high_volatility;vol_expansion;revenue_growth;earnings_growth;not_overvalued;uptrend_200;trend_aligned;near_highs;positive_rs;momentum_up
4480.T,メドレー,情報・通信業,2553.0,momentum,10,9.4,4.6,9.4,7,0,3,high_volatility;volume_surge;vol_expansion;revenue_growth;earnings_growth;not_overvalued;uptrend_200;near_highs;positive_rs;momentum_up
6027.T,弁護士ドットコム,サービス業,5120.0,momentum,10,9.4,4.6,9.4,7,0,3,high_volatility;volume_surge;vol_expansion;revenue_growth;earnings_growth;not_overvalued;uptrend_200;near_highs;positive_rs;momentum_up
7376.T,ＢＣＣ,サービス業,793.0,reversal,10,9.1,9.1,5.8,7,0,3,high_volatility;volume_surge;vol_expansion;small_cap;revenue_growth;not_overvalued;off_highs;below_sma25;recent_dip;deep_drawdown
4979.T,ＯＡＴアグリオ,化学,3000.0,momentum,10,8.8,2.8,8.8,7,0,3,volume_surge;vol_expansion;small_cap;earnings_growth;not_overvalued;uptrend_200;trend_aligned;near_highs;positive_rs;momentum_up
9343.T,アイビス,サービス業,823.0,momentum,10,8.8,2.8,8.8,7,0,3,volume_surge;vol_expansion;small_cap;revenue_growth;not_overvalued;uptrend_200;trend_aligned;near_highs;positive_rs;momentum_up
2705.T,大戸屋ホールディングス,小売業,9490.0,momentum,10,8.6,2.6,8.6,7,0,3,volume_surge;vol_expansion;revenue_growth;earnings_growth;not_overvalued;uptrend_200;trend_aligned;near_highs;positive_rs;momentum_up
8622.T,水戸証券,証券、商品先物取引業,981.0,momentum,10,8.6,2.6,8.6,7,0,3,volume_surge;vol_expansion;revenue_growth;earnings_growth;not_overvalued;uptrend_200;trend_aligned;near_highs;positive_rs;momentum_up
8337.T,千葉興業銀行,銀行業,2773.0,momentum,10,8.6,2.6,8.6,7,0,3,volume_surge;vol_expansion;revenue_growth;earnings_growth;not_overvalued;uptrend_200;trend_aligned;near_highs;positive_rs;momentum_up
3176.T,三洋貿易,卸売業,1163.0,momentum,10,8.6,2.6,8.6,7,0,3,volume_surge;vol_expansion;revenue_growth;earnings_growth;not_overvalued;uptrend_200;trend_aligned;near_highs;positive_rs;momentum_up
4286.T,ＣＬホールディングス,サービス業,1294.0,momentum,9,9.5,4.5,9.5,7,0,2,high_volatility;volume_surge;vol_expansion;small_cap;not_overvalued;uptrend_200;trend_aligned;near_highs;momentum_up
4385.T,メルカリ,情報・通信業,4443.0,momentum,9,9.3,4.3,9.3,7,0,2,high_volatility;vol_expansion;revenue_growth;not_overvalued;uptrend_200;trend_aligned;near_highs;positive_rs;momentum_up
4443.T,Ｓａｎｓａｎ,情報・通信業,2228.0,momentum,9,9.3,3.3,9.3,7,0,2,high_volatility;vol_expansion;revenue_growth;not_overvalued;uptrend_200;trend_aligned;near_highs;positive_rs;momentum_up
4390.T,ＩＰＳ,情報・通信業,4060.0,momentum,9,9.3,3.3,9.3,7,0,2,high_volatility;vol_expansion;earnings_growth;not_overvalued;uptrend_200;trend_aligned;near_highs;positive_rs;momentum_up
3673.T,ブロードリーフ,情報・通信業,485.0,momentum,9,9.3,3.3,9.3,7,0,2,high_volatility;vol_expansion;earnings_growth;not_overvalued;uptrend_200;trend_aligned;near_highs;positive_rs;momentum_up
3653.T,モルフォ,情報・通信業,1379.0,momentum,9,9.3,4.5,9.3,7,0,2,high_volatility;volume_surge;vol_expansion;small_cap;not_overvalued;uptrend_200;near_highs;positive_rs;momentum_up
3932.T,アカツキ,情報・通信業,3685.0,momentum,9,9.3,3.3,9.3,7,0,2,high_volatility;vol_expansion;revenue_growth;not_overvalued;uptrend_200;trend_aligned;near_highs;positive_rs;momentum_up
5711.T,三菱マテリアル,非鉄金属,5231.0,momentum,9,9.3,4.3,9.3,7,0,2,high_volatility;volume_surge;vol_expansion;revenue_growth;not_overvalued;uptrend_200;trend_aligned;near_highs;momentum_up
3994.T,マネーフォワード,情報・通信業,6710.0,momentum,9,9.3,3.3,9.3,7,0,2,high_volatility;vol_expansion;revenue_growth;not_overvalued;uptrend_200;trend_aligned;near_highs;positive_rs;momentum_up
4667.T,アイサンテクノロジー,情報・通信業,2970.0,momentum,9,9.0,4.5,9.0,7,0,2,high_volatility;volume_surge;vol_expansion;small_cap;not_overvalued;uptrend_200;trend_aligned;positive_rs;momentum_up
336A.T,ダイナミックマッププラットフォーム,情報・通信業,1497.0,momentum,9,9.0,4.5,9.0,7,0,2,high_volatility;volume_surge;vol_expansion;small_cap;not_overvalued;uptrend_200;trend_aligned;positive_rs;momentum_up
4425.T,Ｋｕｄａｎ,情報・通信業,1556.0,reversal,9,8.8,8.8,4.5,7,0,2,high_volatility;volume_surge;vol_expansion;small_cap;not_overvalued;off_highs;below_sma25;recent_dip;deep_drawdown
3856.T,Ａｂａｌａｎｃｅ,電気機器,218.0,reversal,9,8.8,8.8,4.5,7,0,2,high_volatility;volume_surge;vol_expansion;small_cap;not_overvalued;off_highs;below_sma25;recent_dip;deep_drawdown
6768.T,タムラ製作所,電気機器,781.0,reversal,9,8.6,8.6,5.8,7,0,2,high_volatility;volume_surge;vol_expansion;earnings_growth;not_overvalued;off_highs;below_sma25;recent_dip;deep_drawdown
3793.T,ドリコム,情報・通信業,496.0,momentum,9,8.5,2.5,8.5,7,0,2,volume_surge;vol_expansion;small_cap;not_overvalued;uptrend_200;trend_aligned;near_highs;positive_rs;momentum_up
6176.T,ブランジスタ,サービス業,1137.0,momentum,9,8.5,2.5,8.5,7,0,2,volume_surge;vol_expansion;small_cap;not_overvalued;uptrend_200;trend_aligned;near_highs;positive_rs;momentum_up
7846.T,パイロットコーポレーション,その他製品,2142.5,momentum,9,8.3,2.3,8.3,7,0,2,volume_surge;vol_expansion;earnings_growth;not_overvalued;uptrend_200;trend_aligned;near_highs;positive_rs;momentum_up
4689.T,ＬＩＮＥヤフー,情報・通信業,531.1,momentum,9,8.3,2.3,8.3,7,0,2,volume_surge;vol_expansion;earnings_growth;not_overvalued;uptrend_200;trend_aligned;near_highs;positive_rs;momentum_up
2810.T,ハウス食品グループ本社,食料品,3903.0,momentum,9,8.3,2.3,8.3,7,0,2,volume_surge;vol_expansion;earnings_growth;not_overvalued;uptrend_200;trend_aligned;near_highs;positive_rs;momentum_up
6250.T,やまびこ,機械,4530.0,momentum,9,8.3,2.3,8.3,7,0,2,volume_surge;vol_expansion;revenue_growth;not_overvalued;uptrend_200;trend_aligned;near_highs;positive_rs;momentum_up
5975.T,東プレ,金属製品,3495.0,momentum,9,8.3,2.3,8.3,7,0,2,volume_surge;vol_expansion;earnings_growth;not_overvalued;uptrend_200;trend_aligned;near_highs;positive_rs;momentum_up
4849.T,エン,サービス業,1639.0,momentum,9,8.3,2.3,8.3,7,0,2,volume_surge;vol_expansion;earnings_growth;not_overvalued;uptrend_200;trend_aligned;near_highs;positive_rs;momentum_up
3083.T,スターシーズ,小売業,1247.0,momentum,8,9.8,3.8,9.8,8,0,0,high_volatility;volume_surge;vol_expansion;uptrend_200;trend_aligned;near_highs;positive_rs;momentum_up
7354.T,ダイレクトマーケティングミックス,サービス業,420.0,momentum,8,9.8,3.8,9.8,8,0,0,high_volatility;volume_surge;vol_expansion;uptrend_200;trend_aligned;near_highs;positive_rs;momentum_up
7389.T,あいちフィナンシャルグループ,銀行業,1923.0,momentum,8,9.8,3.8,9.8,8,0,0,high_volatility;volume_surge;vol_expansion;uptrend_200;trend_aligned;near_highs;positive_rs;momentum_up
7826.T,フルヤ金属,その他製品,10430.0,momentum,8,9.8,3.8,9.8,8,0,0,high_volatility;volume_surge;vol_expansion;uptrend_200;trend_aligned;near_highs;positive_rs;momentum_up
6570.T,共和コーポレーション,サービス業,4255.0,momentum,8,9.8,3.8,9.8,8,0,0,high_volatility;volume_surge;vol_expansion;uptrend_200;trend_aligned;near_highs;positive_rs;momentum_up
8066.T,三谷商事,卸売業,3595.0,momentum,8,9.8,3.8,9.8,8,0,0,high_volatility;volume_surge;vol_expansion;uptrend_200;trend_aligned;near_highs;positive_rs;momentum_up
3851.T,日本一ソフトウェア,情報・通信業,1347.0,momentum,8,9.8,3.8,9.8,8,0,0,high_volatility;volume_surge;vol_expansion;uptrend_200;trend_aligned;near_highs;positive_rs;momentum_up
6998.T,日本タングステン,電気機器,3485.0,momentum,8,9.8,3.8,9.8,8,0,0,high_volatility;volume_surge;vol_expansion;uptrend_200;trend_aligned;near_highs;positive_rs;momentum_up
6045.T,レントラックス,サービス業,2240.0,momentum,8,9.8,3.8,9.8,8,0,0,high_volatility;volume_surge;vol_expansion;uptrend_200;trend_aligned;near_highs;positive_rs;momentum_up
6058.T,ベクトル,サービス業,2021.0,momentum,8,9.8,3.8,9.8,8,0,0,high_volatility;volume_surge;vol_expansion;uptrend_200;trend_aligned;near_highs;positive_rs;momentum_up
4565.T,ネクセラファーマ,医薬品,1140.0,momentum,8,9.8,3.8,9.8,8,0,0,high_volatility;volume_surge;vol_expansion;uptrend_200;trend_aligned;near_highs;positive_rs;momentum_up
4052.T,フィーチャ,情報・通信業,740.0,momentum,8,9.8,3.8,9.8,8,0,0,high_volatility;volume_surge;vol_expansion;uptrend_200;trend_aligned;near_highs;positive_rs;momentum_up
4588.T,オンコリスバイオファーマ,医薬品,4595.0,momentum,8,9.8,3.8,9.8,8,0,0,high_volatility;volume_surge;vol_expansion;uptrend_200;trend_aligned;near_highs;positive_rs;momentum_up
4475.T,ＨＥＮＮＧＥ,情報・通信業,1664.0,momentum,8,9.8,3.8,9.8,8,0,0,high_volatility;volume_surge;vol_expansion;uptrend_200;trend_aligned;near_highs;positive_rs;momentum_up
5033.T,ヌーラボ,情報・通信業,1172.0,momentum,8,9.8,3.8,9.8,8,0,0,high_volatility;volume_surge;vol_expansion;uptrend_200;trend_aligned;near_highs;positive_rs;momentum_up
4478.T,フリー,情報・通信業,4145.0,momentum,8,9.8,3.8,9.8,8,0,0,high_volatility;volume_surge;vol_expansion;uptrend_200;trend_aligned;near_highs;positive_rs;momentum_up
8173.T,Ｊｏｓｈｉｎ,小売業,4225.0,momentum,8,9.8,3.8,9.8,8,0,0,high_volatility;volume_surge;vol_expansion;uptrend_200;trend_aligned;near_highs;positive_rs;momentum_up
4180.T,Ａｐｐｉｅｒ　Ｇｒｏｕｐ,情報・通信業,1512.0,momentum,8,9.8,3.8,9.8,8,0,0,high_volatility;volume_surge;vol_expansion;uptrend_200;trend_aligned;near_highs;positive_rs;momentum_up
2492.T,インフォマート,サービス業,700.0,momentum,8,9.8,3.8,9.8,8,0,0,high_volatility;volume_surge;vol_expansion;uptrend_200;trend_aligned;near_highs;positive_rs;momentum_up
4599.T,ステムリム,医薬品,312.0,momentum,8,9.3,5.3,9.3,7,0,1,high_volatility;volume_surge;vol_expansion;small_cap;uptrend_200;trend_aligned;near_highs;momentum_up
7384.T,プロクレアホールディングス,銀行業,4820.0,momentum,8,9.0,3.0,9.0,7,0,1,high_volatility;vol_expansion;not_overvalued;uptrend_200;trend_aligned;near_highs;positive_rs;momentum_up
2170.T,リンクアンドモチベーション,サービス業,683.0,momentum,8,9.0,3.0,9.0,7,0,1,high_volatility;vol_expansion;not_overvalued;uptrend_200;trend_aligned;near_highs;positive_rs;momentum_up
4263.T,サスメド,情報・通信業,424.0,reversal,8,8.6,8.6,4.3,7,0,1,high_volatility;volume_surge;vol_expansion;small_cap;off_highs;below_sma25;recent_dip;deep_drawdown
4326.T,インテージホールディングス,情報・通信業,2015.0,momentum,8,8.0,2.0,8.0,7,0,1,volume_surge;vol_expansion;not_overvalued;uptrend_200;trend_aligned;near_highs;positive_rs;momentum_up
9900.T,サガミホールディングス,小売業,1128.0,momentum,8,8.0,2.0,8.0,7,0,1,volume_surge;vol_expansion;not_overvalued;uptrend_200;trend_aligned;near_highs;positive_rs;momentum_up
8876.T,リログループ,サービス業,2261.5,momentum,8,8.0,2.0,8.0,7,0,1,volume_surge;vol_expansion;not_overvalued;uptrend_200;trend_aligned;near_highs;positive_rs;momentum_up
6523.T,ＰＨＣホールディングス,電気機器,1436.0,momentum,8,8.0,2.0,8.0,7,0,1,volume_surge;vol_expansion;not_overvalued;uptrend_200;trend_aligned;near_highs;positive_rs;momentum_up
2207.T,ｍｅｉｔｏ,食料品,3450.0,momentum,8,8.0,2.0,8.0,7,0,1,volume_surge;vol_expansion;not_overvalued;uptrend_200;trend_aligned;near_highs;positive_rs;momentum_up
2612.T,かどや製油,食料品,2345.0,momentum,8,8.0,2.0,8.0,7,0,1,volume_surge;vol_expansion;not_overvalued;uptrend_200;trend_aligned;near_highs;positive_rs;momentum_up
278A.T,Ｔｅｒｒａ　Ｄｒｏｎｅ,精密機器,20470.0,momentum,7,9.0,3.0,9.0,7,0,0,high_volatility;volume_surge;uptrend_200;trend_aligned;near_highs;positive_rs;momentum_up
4674.T,クレスコ,情報・通信業,1932.0,momentum,7,7.8,1.8,7.8,7,0,0,volume_surge;vol_expansion;uptrend_200;trend_aligned;near_highs;positive_rs;momentum_up
7350.T,おきなわフィナンシャルグループ,銀行業,7910.0,momentum,7,7.8,1.8,7.8,7,0,0,volume_surge;vol_expansion;uptrend_200;trend_aligned;near_highs;positive_rs;momentum_up
9507.T,四国電力,電気・ガス業,2078.5,momentum,7,7.8,1.8,7.8,7,0,0,volume_surge;vol_expansion;uptrend_200;trend_aligned;near_highs;positive_rs;momentum_up
