ticker,t0,fwd_max_ret
135A.T,2026-03-04,1.058
1382.T,2022-08-10,1.107
1384.T,2025-04-07,1.084
141A.T,2025-08-14,1.034
1407.T,2025-10-28,1.009
1434.T,2023-10-03,1.009
1434.T,2025-04-07,1.003
1434.T,2025-10-17,1.026
1515.T,2025-07-04,1.009
155A.T,2025-09-03,1.085
153A.T,2026-02-17,1.004
157A.T,2025-11-20,1.064
1518.T,2021-11-05,1.313
1518.T,2023-11-02,1.033
1518.T,2025-04-04,1.048
1514.T,2022-01-31,1.006
1514.T,2022-09-26,1.022
1514.T,2023-05-09,1.026
1514.T,2023-11-08,6.741
1514.T,2025-08-08,1.059
1662.T,2025-07-07,1.107
1605.T,2021-12-02,1.035
1663.T,2023-12-07,1.025
1711.T,2023-08-15,1.126
1723.T,2025-07-03,1.011
1803.T,2025-08-04,1.077
1801.T,2025-07-04,1.062
1811.T,2025-04-07,1.106
1812.T,2025-08-04,1.022
1827.T,2025-08-05,1.044
1844.T,2025-06-13,2.282
186A.T,2025-10-03,1.021
186A.T,2026-04-13,1.153
1871.T,2025-10-14,1.049
1885.T,2025-04-07,1.033
1885.T,2025-10-09,1.204
1893.T,2025-05-27,1.006
1909.T,2024-08-05,1.038
1909.T,2025-04-02,1.024
194A.T,2025-10-09,1.192
1945.T,2025-04-07,1.017
1948.T,2025-06-11,1.177
1948.T,2025-12-15,1.257
1950.T,2025-10-14,1.013
1952.T,2023-11-16,1.075
1952.T,2025-04-04,1.027
1965.T,2024-08-01,1.014
1965.T,2025-03-31,1.061
1963.T,2021-11-30,1.179
1966.T,2023-08-18,1.033
1969.T,2023-10-16,1.038
1975.T,2024-08-05,1.209
198A.T,2025-12-01,1.023
1980.T,2023-10-17,1.021
1980.T,2025-04-07,1.16
2146.T,2023-10-31,1.028
2148.T,2023-11-01,1.074
2162.T,2024-11-12,1.017
2158.T,2021-06-29,3.319
2158.T,2025-04-04,1.08
2160.T,2023-02-22,1.048
2160.T,2023-10-16,1.056
2160.T,2024-08-05,1.338
2160.T,2025-03-26,1.019
2168.T,2023-10-16,1.095
2170.T,2022-04-27,1.011
2195.T,2022-06-09,1.814
2216.T,2023-01-05,1.035
2216.T,2025-03-10,1.014
2307.T,2022-05-24,1.023
2307.T,2023-08-29,1.16
2321.T,2025-02-12,1.175
2321.T,2025-08-27,1.251
2323.T,2023-10-10,1.003
2334.T,2023-03-01,1.023
2334.T,2025-04-02,5.909
2334.T,2025-10-17,1.085
2330.T,2024-02-08,2.29
2330.T,2025-04-01,1.028
2345.T,2021-12-20,1.185
2345.T,2024-06-17,1.0
2345.T,2025-02-26,1.073
2342.T,2025-05-26,1.083
2371.T,2026-02-12,1.021
2385.T,2025-05-28,1.046
2388.T,2021-12-29,1.07
2395.T,2022-01-27,1.008
2432.T,2024-07-22,1.008
2438.T,2021-09-21,1.018
2437.T,2021-11-29,1.177
2437.T,2022-06-07,1.343
2459.T,2024-09-10,1.196
2459.T,2025-05-30,1.0
2469.T,2024-04-05,1.021
2479.T,2021-08-17,1.017
2501.T,2023-07-11,1.028
254A.T,2024-10-30,1.252
2585.T,2025-03-06,1.05
2586.T,2025-02-21,2.065
2652.T,2023-10-17,1.047
2656.T,2023-05-18,1.005
2667.T,2025-12-04,1.089
2673.T,2025-05-16,1.109
2721.T,2025-04-07,1.087
2700.T,2025-05-09,1.913
2726.T,2024-07-05,1.007
2737.T,2025-05-19,1.005
2753.T,2023-10-18,1.001
2760.T,2023-08-07,1.12
2778.T,2022-02-22,1.109
2767.T,2021-11-01,1.092
2767.T,2022-05-12,1.006
2767.T,2022-11-14,1.601
2767.T,2024-08-05,1.292
2780.T,2021-12-01,1.006
2780.T,2023-01-05,1.069
2780.T,2025-11-13,1.026
2788.T,2023-03-03,1.193
2820.T,2023-05-18,1.035
2874.T,2025-11-07,1.068
2934.T,2023-01-24,1.005
2938.T,2025-02-04,1.048
2936.T,2024-07-17,1.207
2962.T,2025-04-07,1.152
2962.T,2025-10-09,1.914
2980.T,2022-05-12,1.256
2980.T,2023-10-19,1.055
2982.T,2025-02-10,1.004
2983.T,2025-10-10,1.022
2986.T,2024-08-05,1.173
2997.T,2024-01-18,1.03
2998.T,2023-10-04,1.024
2998.T,2024-12-10,1.05
3010.T,2023-10-26,1.007
3041.T,2023-05-11,2.962
3053.T,2024-04-17,1.018
3070.T,2025-02-12,1.605
3077.T,2025-09-24,1.131
3083.T,2021-11-01,1.984
3083.T,2022-09-21,1.005
3083.T,2025-11-14,1.002
3093.T,2022-10-11,1.163
3099.T,2023-11-29,1.013
3103.T,2023-12-18,1.018
3103.T,2025-05-21,1.111
3103.T,2025-11-21,11.319
3104.T,2025-10-14,1.03
3106.T,2023-12-08,1.045
3105.T,2025-10-30,1.007
3110.T,2023-02-22,1.049
3110.T,2023-11-01,1.025
3110.T,2025-04-04,1.129
3110.T,2025-10-08,2.792
3132.T,2022-12-22,1.01
3137.T,2025-03-28,1.018
3133.T,2021-12-02,1.0
3133.T,2023-03-28,2.228
3133.T,2023-09-28,1.368
3186.T,2025-04-09,1.058
3185.T,2025-04-04,1.11
3189.T,2021-07-20,1.056
3189.T,2025-05-23,1.661
3205.T,2024-02-01,1.222
3236.T,2025-07-15,1.068
3267.T,2024-08-05,1.123
3271.T,2025-01-16,1.069
3286.T,2023-11-14,1.007
3299.T,2024-08-05,1.135
3326.T,2024-08-05,1.208
3350.T,2024-11-05,2.923
3350.T,2025-05-15,2.196
3377.T,2021-06-18,1.726
3393.T,2022-03-07,1.002
3399.T,2023-07-10,1.038
3399.T,2024-08-05,1.044
3399.T,2025-02-20,1.02
3415.T,2022-12-16,1.003
3415.T,2025-03-18,1.067
3444.T,2025-12-05,1.732
3436.T,2025-04-07,1.325
3436.T,2025-10-27,1.154
3445.T,2025-11-19,1.106
3449.T,2025-10-08,1.084
3449.T,2026-04-16,1.315
3446.T,2022-08-10,1.001
3446.T,2025-08-13,1.009
3452.T,2024-08-05,1.283
3475.T,2025-03-07,1.012
3479.T,2022-01-26,1.0
3480.T,2025-12-05,1.018
3482.T,2021-10-04,1.025
3482.T,2023-10-31,1.008
3486.T,2023-05-16,1.126
3486.T,2024-08-05,1.292
3494.T,2023-11-01,1.035
3491.T,2022-02-21,1.001
3491.T,2025-02-25,1.07
3498.T,2022-04-11,1.014
3498.T,2023-04-04,1.193
3498.T,2023-10-05,1.063
3498.T,2024-08-05,1.386
3498.T,2025-04-07,1.115
3547.T,2025-02-28,1.044
3558.T,2023-10-16,1.006
3561.T,2022-08-09,1.022
3565.T,2024-08-02,1.022
3565.T,2025-04-07,1.099
3563.T,2024-08-05,1.124
3563.T,2025-02-12,1.02
3608.T,2023-01-10,1.027
3624.T,2024-12-13,1.0
3625.T,2025-04-07,1.003
3628.T,2022-02-21,1.156
3648.T,2025-04-07,1.035
3656.T,2025-03-31,1.007
3656.T,2025-10-03,1.067
3661.T,2022-01-25,1.167
3660.T,2022-02-09,1.188
3663.T,2024-08-05,1.129
3667.T,2022-11-29,1.239
3667.T,2023-10-30,1.038
3675.T,2021-07-13,1.003
3679.T,2022-11-28,1.029
3680.T,2021-08-12,1.052
3687.T,2023-09-21,1.066
3687.T,2025-11-26,1.262
3686.T,2022-01-27,1.028
3691.T,2025-10-28,1.115
3692.T,2023-09-26,1.064
3692.T,2024-11-05,1.159
3692.T,2025-05-15,2.036
3697.T,2024-08-01,1.027
3696.T,2023-09-21,1.001
3696.T,2024-06-13,1.009
3719.T,2023-02-22,1.013
3719.T,2024-02-07,1.008
3747.T,2024-09-06,1.003
3747.T,2025-03-19,1.184
3753.T,2024-12-02,1.0
3760.T,2021-12-21,1.133
3773.T,2022-05-09,1.043
3779.T,2023-03-14,1.0
3791.T,2024-04-19,1.014
3778.T,2022-12-14,1.893
3778.T,2023-06-27,1.004
3778.T,2023-12-28,3.777
3778.T,2024-08-05,1.34
3788.T,2022-01-27,1.009
3798.T,2025-04-07,1.034
3793.T,2022-01-27,1.072
3793.T,2023-08-01,1.026
3803.T,2025-01-21,1.121
3803.T,2025-07-25,1.623
3807.T,2025-04-07,1.036
3810.T,2024-08-01,1.035
3825.T,2021-12-20,1.186
3825.T,2024-05-21,1.012
3825.T,2024-11-21,1.399
3858.T,2023-08-28,1.159
3853.T,2025-02-17,1.364
3853.T,2025-11-13,1.147
3856.T,2022-01-06,1.019
3856.T,2022-07-13,1.11
3856.T,2023-01-19,3.769
3856.T,2025-02-20,1.058
3865.T,2023-07-04,1.038
3865.T,2024-07-01,1.002
3891.T,2025-06-30,1.001
3891.T,2026-01-06,1.671
3904.T,2022-06-17,1.004
3903.T,2022-03-11,1.02
3903.T,2024-08-05,1.244
3903.T,2025-04-07,1.279
3905.T,2023-07-25,1.003
3905.T,2024-01-30,4.451
3905.T,2024-11-27,1.032
3905.T,2025-06-06,1.258
3905.T,2025-12-10,1.994
3911.T,2022-10-28,1.01
3915.T,2022-05-12,1.145
3915.T,2026-03-02,1.044
3927.T,2021-08-04,1.035
3936.T,2021-07-30,18.565
3936.T,2022-02-03,1.006
3936.T,2025-02-10,1.892
3968.T,2023-08-10,1.059
3963.T,2022-04-22,1.0
3985.T,2025-02-28,1.005
3987.T,2025-04-07,1.016
3984.T,2022-12-07,1.06
3989.T,2022-10-28,1.019
3989.T,2024-03-14,1.014
3992.T,2025-04-07,1.053
3993.T,2022-12-20,1.042
3993.T,2023-08-10,1.034
3997.T,2025-02-12,1.195
3997.T,2025-08-22,1.157
3994.T,2023-10-26,1.006
3994.T,2026-02-24,1.081
3996.T,2023-12-07,1.002
4011.T,2023-02-21,2.979
4011.T,2023-09-04,1.02
4004.T,2025-04-03,1.071
4004.T,2025-10-07,1.3
4022.T,2025-04-04,1.062
4022.T,2025-10-08,1.087
4027.T,2025-12-11,1.041
4046.T,2023-04-26,1.026
4054.T,2022-02-24,1.006
4047.T,2025-08-12,1.14
4047.T,2026-02-18,1.595
4055.T,2022-12-08,1.065
4055.T,2025-10-29,1.032
4061.T,2025-10-29,1.001
4068.T,2024-12-20,1.011
4069.T,2025-03-11,1.008
4062.T,2023-02-22,1.041
4062.T,2025-02-20,1.051
4062.T,2025-08-26,1.68
4062.T,2026-03-05,1.845
4071.T,2025-04-07,1.159
4072.T,2025-02-20,1.005
4074.T,2022-11-04,1.055
4078.T,2025-11-20,1.212
4092.T,2025-11-14,1.031
4082.T,2025-10-27,1.648
4107.T,2023-10-04,1.105
4107.T,2024-04-11,1.244
4107.T,2025-07-04,1.028
4099.T,2025-07-30,1.124
4165.T,2022-05-24,1.002
4165.T,2024-05-24,1.006
4168.T,2022-05-19,1.003
4168.T,2023-03-06,1.027
4168.T,2025-04-07,1.175
4170.T,2022-02-21,1.045
4169.T,2022-03-28,1.0
4169.T,2024-07-02,1.355
4179.T,2025-04-07,1.014
4176.T,2025-04-01,1.015
4182.T,2025-11-11,1.086
4180.T,2022-05-12,1.126
4186.T,2025-08-01,1.049
4194.T,2022-06-13,1.054
4192.T,2022-05-17,1.072
4199.T,2025-10-09,1.023
4222.T,2025-02-12,1.562
4222.T,2025-09-30,1.001
4240.T,2025-04-07,1.005
4235.T,2022-03-04,1.143
4258.T,2024-03-14,1.019
4258.T,2025-01-17,1.006
4264.T,2023-05-17,1.136
4264.T,2023-12-08,1.048
4259.T,2023-02-17,1.087
4259.T,2024-08-05,1.364
4259.T,2025-04-03,1.041
4259.T,2025-11-14,1.032
4263.T,2025-04-07,1.338
4261.T,2023-09-14,1.005
4275.T,2025-07-17,1.005
4288.T,2024-10-21,1.456
4310.T,2024-08-02,1.047
4323.T,2023-10-30,1.019
4331.T,2021-12-02,1.025
4334.T,2022-01-27,1.026
4334.T,2022-09-07,1.014
4344.T,2022-03-09,1.151
4344.T,2024-02-14,1.007
4366.T,2025-11-14,1.034
4368.T,2025-08-05,1.047
4374.T,2025-04-07,1.115
4377.T,2025-04-07,1.081
4382.T,2022-12-12,1.164
4390.T,2025-04-07,1.094
4392.T,2025-10-29,1.949
4392.T,2026-05-12,1.955
4396.T,2025-04-07,1.038
4397.T,2022-12-26,1.057
4395.T,2022-01-25,1.097
4395.T,2022-08-03,1.054
4395.T,2023-05-16,1.047
4393.T,2021-09-22,1.05
4393.T,2022-04-19,1.505
4393.T,2022-10-25,1.213
4393.T,2024-10-22,1.291
4412.T,2025-07-02,1.061
4414.T,2023-10-19,1.11
4413.T,2023-01-04,1.074
4416.T,2025-04-07,1.155
4418.T,2024-08-05,1.139
4418.T,2025-04-07,1.038
4419.T,2025-04-09,1.058
4425.T,2023-09-05,1.036
4425.T,2025-08-07,1.049
4422.T,2022-10-13,1.009
4422.T,2026-01-13,2.168
4434.T,2023-04-19,1.02
4431.T,2022-06-08,1.006
4431.T,2024-08-05,1.003
4432.T,2022-05-12,1.016
4439.T,2022-12-14,1.021
4439.T,2024-04-19,1.052
4442.T,2022-02-08,1.086
4444.T,2022-09-13,1.136
4444.T,2023-04-21,1.067
4443.T,2022-06-15,1.019
4449.T,2022-02-15,1.091
4448.T,2022-06-07,1.079
4448.T,2022-12-20,1.11
4448.T,2024-05-23,1.066
4461.T,2023-08-15,1.033
4461.T,2025-02-04,1.025
4461.T,2025-08-08,1.103
4475.T,2021-07-08,1.011
4475.T,2022-03-15,1.036
4475.T,2023-08-08,1.016
4477.T,2024-09-02,1.0
4480.T,2022-02-24,1.094
4479.T,2022-03-14,1.014
4487.T,2023-01-04,1.021
4490.T,2024-03-26,1.001
4493.T,2022-01-17,1.014
4493.T,2022-12-28,1.069
4492.T,2023-08-10,1.195
4488.T,2023-08-08,1.03
4498.T,2022-12-02,1.019
4499.T,2022-12-28,1.072
4499.T,2024-05-10,1.008
4499.T,2025-04-04,1.047
4506.T,2024-05-17,1.036
4506.T,2025-01-15,1.009
4506.T,2025-07-18,1.667
4516.T,2025-07-14,1.049
4523.T,2022-06-15,1.0
4565.T,2022-06-14,1.011
4570.T,2025-05-16,1.072
4570.T,2025-11-18,2.816
4572.T,2023-01-13,1.024
4572.T,2025-08-08,1.199
4575.T,2022-05-16,4.709
4575.T,2022-11-16,2.628
4575.T,2024-03-13,1.333
4579.T,2022-06-16,1.013
4579.T,2025-04-03,1.037
4579.T,2025-10-07,1.516
4586.T,2022-09-07,1.026
4586.T,2023-03-15,1.172
4583.T,2024-05-23,1.035
4584.T,2024-11-28,1.025
4582.T,2021-11-11,1.007
4582.T,2024-01-17,1.093
4582.T,2025-12-03,1.01
4587.T,2023-12-19,1.058
4588.T,2025-05-15,1.03
4588.T,2025-11-17,2.282
4594.T,2022-12-19,1.02
4593.T,2024-02-21,1.008
4593.T,2024-10-24,1.01
4593.T,2025-05-02,1.207
4596.T,2025-09-04,1.521
4592.T,2021-11-26,1.011
4592.T,2023-10-26,1.02
4592.T,2024-05-07,2.266
4592.T,2024-11-07,1.894
4598.T,2023-09-26,1.015
4599.T,2021-10-22,1.021
4620.T,2025-08-22,1.014
4617.T,2025-04-07,1.157
4626.T,2025-02-18,1.003
464A.T,2024-12-13,1.071
464A.T,2025-11-12,1.066
4673.T,2025-04-04,1.082
4676.T,2024-11-11,1.025
4680.T,2024-08-05,1.123
4680.T,2025-04-07,1.172
4691.T,2026-01-29,1.035
4760.T,2024-02-09,1.049
4761.T,2024-04-08,1.087
4776.T,2022-05-17,1.003
4776.T,2024-08-05,1.249
4783.T,2024-08-05,1.346
4777.T,2021-11-29,1.164
4784.T,2024-07-02,1.068
4784.T,2025-01-08,2.876
4811.T,2025-02-20,1.048
4813.T,2023-09-11,1.074
4828.T,2025-04-07,1.028
4833.T,2025-08-28,1.193
4880.T,2022-03-22,1.141
4881.T,2023-12-25,1.016
4881.T,2024-08-05,1.017
4882.T,2023-04-06,1.027
4882.T,2023-10-31,1.002
4882.T,2024-05-10,1.517
4884.T,2022-08-17,1.317
4884.T,2024-02-13,1.091
4889.T,2022-12-21,1.035
4889.T,2025-01-21,3.446
4888.T,2024-02-20,1.078
4888.T,2025-09-11,1.429
4890.T,2024-02-09,1.315
4892.T,2024-08-21,1.003
4891.T,2023-12-25,1.119
4894.T,2024-11-19,1.103
4894.T,2025-12-18,1.043
4902.T,2024-08-06,1.013
4935.T,2024-07-10,7.776
4935.T,2025-01-20,1.508
4933.T,2022-02-17,1.073
4936.T,2022-08-04,1.008
4937.T,2022-08-31,1.048
4960.T,2026-01-23,1.12
4966.T,2025-08-04,1.06
4972.T,2025-08-28,1.007
4971.T,2025-04-04,1.075
4971.T,2025-10-08,1.112
4970.T,2025-08-05,1.049
4970.T,2026-03-23,1.045
4978.T,2024-08-02,1.049
4979.T,2021-12-20,1.047
4980.T,2021-08-17,1.035
4980.T,2024-01-17,1.002
4980.T,2026-02-13,1.057
5010.T,2024-04-05,1.013
5025.T,2024-03-11,1.04
5028.T,2025-04-04,1.025
5032.T,2024-12-03,1.311
5034.T,2025-02-13,1.026
5036.T,2025-04-07,1.039
5074.T,2025-10-14,1.006
5076.T,2025-07-31,1.016
5101.T,2025-04-04,1.116
5121.T,2021-07-08,1.025
5136.T,2024-10-08,1.004
5139.T,2024-08-05,1.111
5161.T,2024-08-07,1.755
5210.T,2023-07-12,1.002
5216.T,2024-04-15,1.456
5216.T,2025-11-17,1.057
5243.T,2024-07-24,1.108
5243.T,2025-01-30,1.527
5243.T,2025-08-05,1.333
5246.T,2024-03-22,1.114
5246.T,2024-10-24,1.012
5253.T,2024-08-05,1.186
5258.T,2025-04-04,1.123
5262.T,2025-01-28,1.013
5255.T,2024-12-06,1.45
5285.T,2023-08-09,1.02
5285.T,2025-04-07,1.003
5287.T,2025-03-04,1.186
5301.T,2025-12-16,1.016
5332.T,2025-11-18,1.036
5333.T,2025-06-13,1.009
5333.T,2025-12-17,1.016
5337.T,2022-10-07,1.014
5337.T,2024-11-06,1.079
5351.T,2023-03-14,1.011
5344.T,2025-04-07,1.227
5344.T,2025-10-23,1.011
5381.T,2021-06-24,1.03
5381.T,2024-08-02,1.126
5381.T,2025-08-08,1.098
5393.T,2025-10-30,1.001
5406.T,2022-11-30,1.092
5410.T,2022-07-28,1.125
5408.T,2022-06-14,1.016
5471.T,2025-07-04,1.018
5480.T,2022-05-31,1.0
5482.T,2023-03-20,1.003
5482.T,2024-07-24,1.058
5535.T,2024-10-18,3.942
5541.T,2021-08-10,1.035
5541.T,2025-08-20,1.012
5582.T,2024-08-02,1.199
5574.T,2024-08-05,1.199
5574.T,2025-04-04,1.054
5597.T,2025-12-10,1.009
5599.T,2025-07-15,1.02
5592.T,2024-11-22,1.044
5602.T,2025-03-26,1.06
5612.T,2025-04-01,1.042
5591.T,2024-11-05,1.012
5631.T,2023-12-08,1.003
5631.T,2024-08-05,1.295
5631.T,2025-02-28,1.012
5621.T,2025-04-07,1.194
5698.T,2025-07-10,1.061
5706.T,2025-02-13,1.028
5706.T,2025-08-19,2.995
5711.T,2025-07-16,1.006
5714.T,2025-08-05,1.006
5707.T,2021-06-21,1.017
5707.T,2025-07-04,1.056
5713.T,2025-04-07,1.193
5713.T,2025-10-09,1.49
5721.T,2025-10-17,1.0
5715.T,2025-06-25,1.012
5729.T,2025-03-03,1.159
5741.T,2025-08-05,1.262
5726.T,2021-10-29,1.009
5726.T,2022-05-11,2.697
5726.T,2025-04-07,1.159
5724.T,2025-10-09,2.46
5801.T,2023-12-14,1.011
5801.T,2024-07-18,1.04
5801.T,2025-04-03,1.104
5801.T,2025-10-07,4.066
5802.T,2025-04-04,1.197
5802.T,2025-10-08,1.397
5803.T,2023-09-29,1.036
5803.T,2024-04-08,1.192
5803.T,2025-02-25,1.051
5803.T,2025-08-28,1.323
5803.T,2026-03-09,1.094
5805.T,2023-10-04,1.05
5805.T,2024-08-02,1.017
5805.T,2025-08-20,1.038
5817.T,2025-12-19,1.21
5820.T,2021-11-10,1.033
5820.T,2022-11-22,1.174
5830.T,2025-08-05,1.062
5821.T,2025-04-07,1.177
5821.T,2025-10-09,1.077
5838.T,2024-08-06,1.152
5834.T,2025-04-07,1.225
5852.T,2023-03-16,1.037
5851.T,2023-01-05,1.002
5858.T,2024-08-05,1.223
5858.T,2025-04-03,1.057
5885.T,2025-04-07,1.435
5857.T,2025-07-18,1.029
5892.T,2025-02-10,1.326
5939.T,2022-09-08,1.076
5950.T,2024-06-19,1.916
5985.T,2025-08-12,1.648
5985.T,2026-02-19,1.007
5992.T,2023-12-21,1.002
5992.T,2025-01-21,1.031
5998.T,2025-11-17,1.107
6022.T,2025-10-01,1.007
6027.T,2023-02-21,1.0
6016.T,2022-11-01,1.001
6016.T,2023-05-10,1.846
6016.T,2023-11-09,2.49
6016.T,2024-12-24,1.083
6016.T,2025-07-03,1.331
6023.T,2023-08-17,1.079
6023.T,2025-04-04,1.16
6034.T,2022-02-17,1.042
6037.T,2025-03-13,1.02
6036.T,2022-01-25,1.075
6036.T,2023-01-31,1.003
6045.T,2025-04-07,1.058
6047.T,2021-10-21,1.002
6055.T,2025-04-09,1.014
6070.T,2022-03-07,1.054
6069.T,2021-12-20,1.017
6072.T,2025-08-06,2.812
6072.T,2026-02-13,1.892
6083.T,2025-04-07,1.251
6081.T,2022-05-11,1.059
6081.T,2025-08-15,1.132
6101.T,2025-10-28,1.02
6104.T,2022-12-21,1.01
6134.T,2025-08-06,1.081
6135.T,2024-08-01,1.015
6137.T,2023-10-05,1.111
6140.T,2025-08-20,1.143
6143.T,2025-11-10,1.084
6146.T,2023-01-25,1.046
6146.T,2023-09-12,1.035
6146.T,2025-04-07,1.294
6176.T,2025-04-07,1.03
6177.T,2025-08-19,1.584
6182.T,2022-12-23,1.011
6184.T,2022-03-10,1.072
6190.T,2025-04-16,1.106
6195.T,2021-11-16,1.128
6195.T,2022-06-24,1.103
6194.T,2024-02-22,1.011
6197.T,2025-06-11,1.071
6198.T,2021-07-21,1.007
6208.T,2025-12-17,1.03
6217.T,2026-04-16,2.01
6224.T,2025-04-07,1.182
6226.T,2024-05-08,1.071
6226.T,2025-02-07,1.01
6227.T,2023-02-17,1.122
6227.T,2023-08-23,1.299
6227.T,2024-08-02,1.015
6227.T,2025-04-07,1.331
6227.T,2025-10-09,4.246
6228.T,2023-11-20,1.357
6232.T,2024-02-16,1.199
6232.T,2024-12-24,1.072
6232.T,2025-10-17,1.318
6231.T,2023-11-30,1.005
6231.T,2024-08-05,1.095
6240.T,2024-08-05,1.1
6235.T,2025-08-20,1.194
6249.T,2022-12-16,1.285
6254.T,2023-04-25,1.012
6254.T,2023-10-27,2.025
6254.T,2025-04-07,1.006
6254.T,2025-12-16,1.021
6255.T,2024-01-16,1.045
6262.T,2022-03-08,1.016
6262.T,2025-05-01,1.056
6268.T,2025-04-07,1.029
6264.T,2025-04-07,1.311
6264.T,2025-10-14,1.196
6266.T,2023-05-16,1.028
6266.T,2025-12-12,1.02
6269.T,2023-08-10,1.05
6269.T,2024-08-07,1.037
6269.T,2025-02-28,1.006
6269.T,2025-09-02,1.096
6278.T,2025-02-25,1.016
6278.T,2025-09-02,1.022
6298.T,2021-09-22,1.019
6298.T,2022-09-02,1.011
6310.T,2025-02-12,1.148
6315.T,2023-03-03,1.056
6315.T,2023-09-05,1.643
6315.T,2025-04-07,1.345
6323.T,2023-08-25,1.121
6323.T,2025-04-04,1.052
6323.T,2025-10-23,1.039
6324.T,2024-11-13,1.42
6324.T,2025-09-04,1.02
6324.T,2026-03-23,1.097
6327.T,2026-02-17,3.32
6330.T,2025-01-28,1.155
6330.T,2025-08-01,3.97
6331.T,2025-02-10,1.018
6332.T,2025-02-26,1.032
6337.T,2022-05-24,1.032
6338.T,2021-12-15,1.099
6338.T,2022-06-23,2.021
6356.T,2025-04-07,1.09
6356.T,2025-10-09,1.949
6357.T,2025-04-07,1.202
6361.T,2023-09-29,1.008
6361.T,2025-04-07,1.259
6366.T,2025-05-19,1.01
6366.T,2025-11-19,1.798
6368.T,2023-08-25,1.045
6368.T,2025-04-03,1.043
6376.T,2025-11-05,1.038
6387.T,2023-01-04,1.074
6387.T,2025-04-07,1.261
6387.T,2025-10-09,1.334
6405.T,2024-08-05,1.009
6407.T,2025-04-07,1.006
6407.T,2025-10-24,1.02
6430.T,2023-02-28,1.041
6433.T,2025-10-17,2.156
6425.T,2022-06-20,1.035
6440.T,2025-10-28,1.004
6469.T,2025-07-07,1.111
6481.T,2025-11-12,1.034
6480.T,2025-10-28,1.286
6492.T,2024-08-05,1.021
6492.T,2025-04-04,1.023
6492.T,2025-10-17,1.169
6490.T,2025-08-04,1.043
6506.T,2025-11-18,1.01
6504.T,2025-04-07,1.23
6508.T,2025-11-21,1.038
6516.T,2025-10-21,1.009
6507.T,2023-09-21,1.045
6507.T,2024-06-19,1.033
6507.T,2025-04-04,1.081
6525.T,2025-04-02,1.015
6525.T,2025-11-18,1.043
6521.T,2022-07-04,1.037
6521.T,2024-12-13,1.004
6521.T,2025-08-28,1.326
6524.T,2024-02-14,1.045
6524.T,2025-04-07,1.268
6524.T,2025-10-31,1.036
6526.T,2023-12-01,1.067
6526.T,2025-04-04,1.068
6537.T,2024-05-13,1.033
6554.T,2021-11-11,1.343
6551.T,2025-04-07,1.09
6558.T,2022-05-09,1.005
6557.T,2024-04-26,1.421
6561.T,2021-11-19,1.017
6561.T,2022-07-15,1.047
6560.T,2022-02-22,1.013
6562.T,2022-12-23,1.01
6573.T,2023-08-07,3.884
6578.T,2023-10-13,1.032
6579.T,2022-06-13,1.073
6580.T,2025-03-10,1.081
6590.T,2022-12-12,1.183
6590.T,2024-08-05,1.007
6590.T,2025-04-01,1.063
6590.T,2025-10-03,1.126
6597.T,2022-02-14,1.042
6597.T,2024-12-11,1.04
6597.T,2025-11-12,1.024
6613.T,2025-07-08,1.121
6613.T,2026-01-15,6.019
6620.T,2023-12-22,1.008
6616.T,2025-12-10,1.025
6619.T,2021-12-13,1.181
6619.T,2025-12-12,1.092
6617.T,2025-10-10,1.001
6622.T,2023-10-03,1.104
6622.T,2025-08-05,1.032
6625.T,2023-08-28,1.005
6629.T,2025-12-05,1.261
6630.T,2022-01-19,1.019
6632.T,2022-05-19,1.011
6632.T,2024-06-17,1.001
6627.T,2022-08-31,1.025
6627.T,2023-04-26,1.01
6627.T,2025-04-03,1.075
6627.T,2025-10-07,1.083
6637.T,2025-04-03,1.129
6638.T,2023-11-10,1.084
6659.T,2024-02-29,1.392
6656.T,2025-04-07,1.113
6668.T,2021-08-06,1.003
6668.T,2025-10-14,1.29
6674.T,2025-12-11,1.01
6666.T,2025-09-01,1.059
6666.T,2026-03-19,1.068
6677.T,2023-02-10,1.077
6699.T,2022-02-24,1.106
6696.T,2022-07-25,1.233
6696.T,2023-11-15,1.04
6676.T,2025-04-07,1.059
6703.T,2025-04-04,1.013
6703.T,2025-10-08,1.022
6707.T,2022-08-29,1.041
6723.T,2022-12-07,1.015
6723.T,2025-10-30,1.077
6730.T,2022-06-20,1.015
6731.T,2025-01-07,1.116
6736.T,2023-11-15,1.172
6736.T,2024-05-24,1.226
6736.T,2025-05-30,1.048
6752.T,2025-11-05,1.015
6754.T,2025-10-14,1.079
6762.T,2026-01-14,1.031
6768.T,2025-12-16,1.0
6769.T,2023-12-22,1.076
6777.T,2022-02-21,1.073
6777.T,2023-08-14,1.128
6777.T,2024-04-22,1.009
6777.T,2025-04-03,1.019
6777.T,2025-10-07,1.9
6779.T,2025-10-14,1.079
6779.T,2026-04-21,1.293
6794.T,2025-04-03,1.109
6787.T,2023-12-14,1.003
6787.T,2024-08-05,1.194
6787.T,2025-04-07,1.153
6787.T,2025-10-09,2.007
6800.T,2025-08-04,1.004
6817.T,2022-06-20,1.04
6814.T,2023-07-10,1.039
6814.T,2024-08-05,1.185
6814.T,2025-02-12,1.095
6814.T,2025-08-18,1.033
6835.T,2025-07-22,1.009
6836.T,2025-01-23,1.002
6834.T,2024-06-13,1.101
6834.T,2025-03-04,1.02
6834.T,2025-09-04,2.562
6840.T,2025-10-24,1.069
6840.T,2026-05-07,1.039
6844.T,2025-04-07,1.07
6838.T,2025-09-10,1.046
6838.T,2026-03-31,1.03
6855.T,2023-08-28,1.145
6855.T,2025-03-31,1.113
6855.T,2025-10-02,1.639
6856.T,2023-08-10,1.027
6856.T,2025-11-14,1.058
6857.T,2022-11-22,1.024
6857.T,2023-11-01,1.056
6857.T,2025-03-25,1.01
6862.T,2023-05-22,1.119
6862.T,2025-06-23,1.045
6862.T,2025-12-25,1.584
6864.T,2025-11-21,1.09
6866.T,2025-10-28,1.045
6875.T,2025-03-31,1.0
6871.T,2023-04-26,1.001
6871.T,2023-10-30,3.076
6871.T,2025-04-02,1.006
6871.T,2025-10-07,1.002
6890.T,2025-04-07,1.191
6890.T,2025-10-24,1.008
6918.T,2022-09-07,1.023
6927.T,2022-12-01,1.016
6927.T,2023-06-07,1.193
6927.T,2024-04-04,1.012
6920.T,2023-07-20,1.041
6920.T,2025-04-07,1.057
6920.T,2025-10-09,1.13
6932.T,2025-04-07,1.106
6941.T,2023-11-08,1.117
6941.T,2025-04-04,1.03
6941.T,2025-10-08,1.894
6946.T,2022-01-28,1.053
6946.T,2022-12-05,1.031
6946.T,2023-07-20,1.033
6946.T,2025-01-21,1.023
6946.T,2025-09-02,1.035
6962.T,2025-11-26,1.104
6961.T,2023-01-30,1.192
6961.T,2025-04-23,1.005
6961.T,2025-10-28,1.29
6963.T,2025-04-07,1.179
6963.T,2025-11-07,1.141
6981.T,2025-10-29,1.012
6976.T,2025-04-07,1.053
6976.T,2025-11-07,1.18
6976.T,2026-05-20,1.131
6996.T,2025-11-06,1.359
6997.T,2025-04-04,1.009
6997.T,2025-10-29,1.089
6999.T,2022-03-08,1.025
6999.T,2025-11-18,1.176
7003.T,2023-08-10,1.044
7003.T,2024-02-16,1.347
7003.T,2024-10-31,1.049
7003.T,2025-05-13,1.756
7012.T,2023-12-08,1.04
7012.T,2024-09-05,1.022
7012.T,2025-08-27,1.021
7013.T,2021-11-30,1.014
7013.T,2023-12-26,1.029
7013.T,2024-08-05,1.313
7013.T,2025-04-04,1.231
7011.T,2021-11-29,1.074
7011.T,2023-03-14,1.042
7011.T,2023-12-08,1.02
7011.T,2025-02-25,1.037
7014.T,2021-11-10,1.023
7014.T,2022-05-20,1.119
7014.T,2023-02-07,1.215
7014.T,2023-08-10,1.233
7014.T,2024-12-17,1.027
7018.T,2024-09-05,1.082
7018.T,2025-04-07,1.303
7018.T,2025-10-09,1.289
7022.T,2025-08-21,1.019
7030.T,2021-08-12,1.009
7033.T,2022-06-20,1.066
7033.T,2024-08-05,1.013
7038.T,2021-12-15,1.009
7046.T,2023-04-26,1.028
7044.T,2021-11-29,1.027
7047.T,2022-08-10,1.028
7047.T,2023-03-16,1.0
7050.T,2022-01-20,1.017
7061.T,2022-08-08,1.044
7066.T,2023-08-18,1.052
7063.T,2022-01-31,1.049
7063.T,2023-11-14,1.032
7063.T,2025-04-07,1.045
7073.T,2024-01-17,1.062
7080.T,2022-06-30,1.114
7078.T,2021-08-25,3.821
7071.T,2021-07-30,1.016
7071.T,2022-06-13,1.092
7071.T,2025-04-07,1.064
7082.T,2022-06-17,1.011
7082.T,2026-03-04,1.043
7083.T,2024-05-29,2.817
7093.T,2025-04-07,1.005
7089.T,2021-08-16,1.064
7089.T,2022-05-12,1.008
7095.T,2022-06-17,1.101
7095.T,2022-12-21,1.154
7094.T,2022-02-24,1.053
7094.T,2025-03-03,1.009
7115.T,2025-04-04,1.041
7130.T,2022-12-02,1.013
7138.T,2025-07-23,1.113
7162.T,2025-10-30,1.003
7157.T,2022-03-14,1.025
7172.T,2023-12-29,1.086
7172.T,2024-08-05,1.21
7180.T,2023-04-28,1.049
7184.T,2025-07-07,1.022
7187.T,2021-06-18,1.069
7187.T,2022-05-09,1.221
7211.T,2022-03-02,1.043
7212.T,2025-04-07,1.017
7214.T,2023-05-01,1.184
7220.T,2024-05-22,1.045
7220.T,2025-04-07,1.081
7220.T,2025-11-13,1.342
7241.T,2023-03-16,1.101
7236.T,2023-07-12,1.005
7236.T,2025-10-23,1.154
7245.T,2025-03-31,1.042
7254.T,2021-11-18,1.0
7256.T,2023-05-16,1.195
7256.T,2025-08-07,1.009
7256.T,2026-02-16,1.413
7271.T,2025-10-10,1.022
7273.T,2025-01-30,1.732
7279.T,2025-04-04,1.08
7280.T,2023-09-11,1.051
7280.T,2025-07-11,1.101
7305.T,2023-12-14,1.036
7318.T,2025-06-11,1.243
7318.T,2025-12-15,1.256
7322.T,2025-04-07,1.061
7322.T,2025-10-14,1.026
7352.T,2023-03-20,1.052
7352.T,2023-09-21,1.477
7352.T,2024-08-06,1.244
7367.T,2022-12-19,1.004
7359.T,2022-08-30,1.761
7359.T,2025-01-14,1.024
7375.T,2025-10-07,1.079
7373.T,2024-08-05,1.057
7373.T,2025-04-07,1.301
7380.T,2025-10-06,1.005
7384.T,2025-10-03,1.003
7409.T,2025-08-14,3.007
7389.T,2025-07-07,1.064
7383.T,2024-05-15,1.13
7383.T,2025-02-21,1.036
7427.T,2023-04-10,1.082
7453.T,2024-10-22,1.024
7456.T,2025-08-14,1.038
7523.T,2025-04-04,1.005
7550.T,2023-01-04,1.033
7578.T,2023-06-29,1.343
7601.T,2023-08-08,1.01
7599.T,2023-10-10,1.008
7603.T,2024-12-06,1.512
7608.T,2025-04-07,1.088
7615.T,2025-08-15,1.097
7685.T,2022-01-19,1.02
7685.T,2024-03-01,1.003
7685.T,2025-08-12,1.08
7695.T,2022-01-27,1.084
7707.T,2022-02-17,1.076
7707.T,2024-02-19,1.131
7715.T,2022-12-21,1.045
7711.T,2024-04-24,1.041
7711.T,2025-02-14,1.042
7711.T,2025-08-20,2.396
7717.T,2025-04-07,1.215
7717.T,2025-11-17,1.025
7721.T,2023-10-04,1.016
7721.T,2025-04-07,1.044
7729.T,2025-08-05,1.026
7740.T,2023-10-26,1.006
7735.T,2022-12-27,1.026
7735.T,2023-07-21,1.02
7735.T,2025-08-18,1.106
7745.T,2023-10-26,1.016
7746.T,2025-03-12,1.333
7746.T,2025-09-12,2.944
7760.T,2024-08-01,1.037
7760.T,2025-08-13,1.005
7762.T,2025-10-31,1.139
7771.T,2026-01-07,4.473
7769.T,2023-07-12,1.002
7779.T,2025-08-14,1.136
7776.T,2022-07-15,1.344
7776.T,2023-01-23,1.605
7776.T,2023-12-28,1.0
7776.T,2024-07-05,1.028
7777.T,2021-06-21,1.027
7777.T,2024-12-05,1.393
7777.T,2025-07-02,1.061
7777.T,2026-01-08,1.116
7794.T,2025-08-01,1.299
7806.T,2024-10-25,1.179
7809.T,2022-03-08,1.081
7803.T,2021-08-03,1.006
7803.T,2024-11-15,1.051
7826.T,2021-08-03,1.006
7826.T,2025-08-04,1.219
7859.T,2022-02-15,1.02
7859.T,2022-08-22,1.68
7859.T,2023-05-09,1.085
7859.T,2023-12-14,1.079
7868.T,2022-05-10,1.249
7878.T,2022-08-09,1.245
7906.T,2022-02-03,1.002
7906.T,2024-02-15,1.015
7906.T,2025-02-06,1.142
7901.T,2022-12-15,1.253
7901.T,2025-09-02,1.08
7936.T,2023-12-12,1.012
7936.T,2024-08-05,1.014
7940.T,2025-05-09,1.043
7946.T,2025-08-20,1.073
7972.T,2023-03-14,1.092
7979.T,2024-02-19,1.013
7991.T,2024-08-05,1.024
7995.T,2025-11-12,1.016
8002.T,2025-04-07,1.001
8015.T,2025-04-07,1.128
8022.T,2023-11-15,1.004
8035.T,2023-09-28,1.001
8035.T,2025-08-06,1.053
8050.T,2023-12-08,1.035
8050.T,2025-04-07,1.076
8050.T,2025-10-09,1.053
8057.T,2025-04-07,1.045
8105.T,2026-03-23,1.145
8136.T,2023-02-14,1.003
8136.T,2024-05-21,1.037
8139.T,2022-03-24,2.325
8139.T,2022-10-03,1.146
8139.T,2023-06-12,1.0
8142.T,2023-01-16,1.018
8202.T,2021-12-02,1.043
8219.T,2023-03-20,1.018
8219.T,2024-08-05,1.04
8233.T,2025-08-04,1.013
8237.T,2025-06-23,1.008
8267.T,2025-05-21,1.019
8337.T,2022-07-15,1.008
8337.T,2023-05-22,1.066
8337.T,2024-08-05,1.03
8338.T,2025-07-08,1.021
8346.T,2025-08-05,1.072
8345.T,2025-08-04,1.027
8362.T,2025-10-29,1.003
8360.T,2025-04-07,1.08
8361.T,2025-04-07,1.018
8361.T,2025-10-09,1.0
8368.T,2025-07-16,1.056
8377.T,2025-04-07,1.106
8386.T,2025-08-04,1.057
8387.T,2025-08-05,1.003
8392.T,2025-07-31,1.017
8395.T,2025-08-05,1.013
8399.T,2025-08-01,1.001
8393.T,2025-07-08,1.015
8473.T,2025-04-07,1.451
8508.T,2022-03-08,1.05
8508.T,2025-11-13,1.051
8522.T,2025-08-04,1.036
8524.T,2025-04-07,1.071
8544.T,2025-08-04,1.028
8550.T,2025-04-07,1.189
8550.T,2025-10-09,1.09
8613.T,2023-03-20,1.043
8624.T,2025-10-14,1.007
8698.T,2024-08-05,1.151
8706.T,2023-09-06,1.125
8708.T,2023-12-11,1.019
8715.T,2025-04-07,1.022
8715.T,2025-10-09,1.114
8725.T,2023-12-21,1.046
8746.T,2023-08-15,1.34
8746.T,2025-02-25,1.064
8746.T,2025-11-21,1.121
8798.T,2025-04-07,1.137
8783.T,2024-07-02,1.042
8783.T,2025-06-25,1.097
8848.T,2022-03-08,1.04
8864.T,2025-04-07,1.021
8894.T,2024-06-20,1.788
8927.T,2025-03-07,1.009
8995.T,2025-09-04,1.044
9067.T,2025-04-07,1.0
9073.T,2024-08-05,1.376
9115.T,2021-11-26,1.013
9115.T,2025-09-10,1.019
9107.T,2021-06-29,1.124
9107.T,2023-06-20,1.024
9130.T,2025-09-03,1.493
9168.T,2025-02-25,1.019
9171.T,2025-04-04,1.043
9211.T,2024-11-14,1.003
9235.T,2024-11-21,1.108
9227.T,2025-04-07,1.203
9227.T,2025-11-27,1.003
9241.T,2025-08-14,1.073
9240.T,2025-06-30,1.089
9249.T,2023-07-19,1.688
9268.T,2023-09-26,1.324
9270.T,2022-02-03,1.049
9272.T,2023-02-15,1.003
9279.T,2022-06-15,1.022
9274.T,2022-02-07,1.29
9338.T,2024-08-05,1.154
9338.T,2025-11-17,1.043
9343.T,2024-08-05,1.21
9348.T,2024-08-05,1.072
9348.T,2025-02-12,1.171
9369.T,2023-12-28,1.015
9369.T,2025-02-26,1.038
9401.T,2023-10-03,1.028
9412.T,2025-08-05,1.023
9425.T,2025-03-05,1.286
9467.T,2024-10-18,1.007
9501.T,2021-12-24,1.202
9501.T,2025-02-27,1.033
9509.T,2023-10-16,1.07
9519.T,2022-02-09,1.097
9519.T,2025-04-07,1.051
9519.T,2025-12-11,1.025
9554.T,2024-08-05,1.107
9553.T,2024-11-28,1.005
9553.T,2025-09-29,1.07
9556.T,2024-04-03,1.012
9556.T,2025-03-21,1.004
9552.T,2023-08-14,1.064
9552.T,2026-03-19,1.043
9562.T,2024-08-05,1.022
9561.T,2024-03-05,1.002
9610.T,2024-11-05,1.163
9610.T,2025-05-21,1.014
9722.T,2023-11-08,1.028
9812.T,2024-01-18,1.02
9827.T,2022-03-30,1.0
9828.T,2023-05-01,1.09
9880.T,2025-08-12,1.037
9880.T,2026-03-23,1.004
9960.T,2023-10-04,1.023
9984.T,2025-02-28,1.025
9984.T,2025-11-21,1.023
